{"cameraMode":{"drawMode":0,"name":"Shaded","section":"Shading Mode"},"sceneLighting":true,"audioPlay":false,"sceneViewState":{"m_AlwaysRefresh":false,"showFog":true,"showSkybox":true,"showFlares":true,"showImageEffects":true,"showParticleSystems":true,"showVisualEffectGraphs":true,"m_FxEnabled":true},"in2DMode":false,"pivot":{"x":-24.86915397644043,"y":-47.511959075927737,"z":143.82705688476563},"rotation":{"x":0.14351095259189607,"y":-0.06410375237464905,"z":0.009303358383476735,"w":0.9875534176826477},"size":82.27881622314453,"orthographic":false}